"";"digits";"algorithm";"n_neighbors";"metric";"sizes";"digit";"precision";"recall";"f1_score";"support"
"235";4;"brute";1;"euclidean";5;4;0,91;0,82;0,86;95
"241";0;"auto";5;"euclidean";5;0;0,88;0,94;0,91;97
"247";6;"auto";5;"euclidean";5;6;0,94;0,92;0,93;106
"251";0;"ball_tree";5;"euclidean";5;0;0,88;0,94;0,91;97
"257";6;"ball_tree";5;"euclidean";5;6;0,94;0,92;0,93;106
"261";0;"kd_tree";5;"euclidean";5;0;0,88;0,94;0,91;97
"267";6;"kd_tree";5;"euclidean";5;6;0,93;0,92;0,92;106
"277";6;"brute";5;"euclidean";5;6;0,93;0,89;0,91;106
"287";6;"auto";10;"euclidean";5;6;0,94;0,89;0,91;106
"297";6;"ball_tree";10;"euclidean";5;6;0,94;0,89;0,91;106
"301";0;"kd_tree";10;"euclidean";5;0;0,88;0,95;0,91;97
"307";6;"kd_tree";10;"euclidean";5;6;0,93;0,91;0,92;106
"311";0;"brute";10;"euclidean";5;0;0,88;0,95;0,92;97
"315";4;"brute";10;"euclidean";5;4;0,89;0,84;0,86;95
"317";6;"brute";10;"euclidean";5;6;0,94;0,92;0,93;106
"321";0;"auto";20;"euclidean";5;0;0,87;0,95;0,91;97
"325";4;"auto";20;"euclidean";5;4;0,9;0,83;0,86;95
"331";0;"ball_tree";20;"euclidean";5;0;0,87;0,95;0,91;97
"341";0;"kd_tree";20;"euclidean";5;0;0,87;0,95;0,91;97
"345";4;"kd_tree";20;"euclidean";5;4;0,9;0,83;0,86;95
"355";4;"brute";20;"euclidean";5;4;0,91;0,82;0,86;95
"435";4;"brute";1;"manhattan";5;4;0,91;0,82;0,86;95
"441";0;"auto";5;"manhattan";5;0;0,88;0,94;0,91;97
"447";6;"auto";5;"manhattan";5;6;0,94;0,92;0,93;106
"451";0;"ball_tree";5;"manhattan";5;0;0,88;0,94;0,91;97
"457";6;"ball_tree";5;"manhattan";5;6;0,93;0,92;0,92;106
"461";0;"kd_tree";5;"manhattan";5;0;0,88;0,94;0,91;97
"467";6;"kd_tree";5;"manhattan";5;6;0,94;0,92;0,93;106
"477";6;"brute";5;"manhattan";5;6;0,93;0,89;0,91;106
"487";6;"auto";10;"manhattan";5;6;0,94;0,89;0,91;106
"491";0;"ball_tree";10;"manhattan";5;0;0,88;0,95;0,91;97
"497";6;"ball_tree";10;"manhattan";5;6;0,93;0,91;0,92;106
"507";6;"kd_tree";10;"manhattan";5;6;0,94;0,89;0,91;106
"511";0;"brute";10;"manhattan";5;0;0,88;0,95;0,92;97
"515";4;"brute";10;"manhattan";5;4;0,89;0,84;0,86;95
"517";6;"brute";10;"manhattan";5;6;0,94;0,92;0,93;106
"521";0;"auto";20;"manhattan";5;0;0,87;0,95;0,91;97
"525";4;"auto";20;"manhattan";5;4;0,9;0,83;0,86;95
"531";0;"ball_tree";20;"manhattan";5;0;0,87;0,95;0,91;97
"541";0;"kd_tree";20;"manhattan";5;0;0,87;0,95;0,91;97
"545";4;"kd_tree";20;"manhattan";5;4;0,9;0,83;0,86;95
"555";4;"brute";20;"manhattan";5;4;0,91;0,82;0,86;95
"801";0;"auto";1;"euclidean";10;0;0,97;0,97;0,97;97
"802";1;"auto";1;"euclidean";10;1;0,78;0,99;0,87;95
"803";2;"auto";1;"euclidean";10;2;0,99;0,88;0,93;111
"805";4;"auto";1;"euclidean";10;4;0,95;0,84;0,89;95
"806";5;"auto";1;"euclidean";10;5;0,93;0,92;0,92;97
"807";6;"auto";1;"euclidean";10;6;0,97;0,92;0,95;106
"811";0;"ball_tree";1;"euclidean";10;0;0,97;0,97;0,97;97
"812";1;"ball_tree";1;"euclidean";10;1;0,78;0,98;0,87;95
"813";2;"ball_tree";1;"euclidean";10;2;0,99;0,88;0,93;111
"814";3;"ball_tree";1;"euclidean";10;3;0,87;0,94;0,91;103
"815";4;"ball_tree";1;"euclidean";10;4;0,95;0,85;0,9;95
"816";5;"ball_tree";1;"euclidean";10;5;0,93;0,92;0,92;97
"817";6;"ball_tree";1;"euclidean";10;6;0,97;0,92;0,95;106
"818";7;"ball_tree";1;"euclidean";10;7;0,82;0,91;0,86;97
"821";0;"kd_tree";1;"euclidean";10;0;0,97;0,97;0,97;97
"822";1;"kd_tree";1;"euclidean";10;1;0,78;0,99;0,87;95
"823";2;"kd_tree";1;"euclidean";10;2;0,99;0,88;0,93;111
"825";4;"kd_tree";1;"euclidean";10;4;0,95;0,84;0,89;95
"826";5;"kd_tree";1;"euclidean";10;5;0,93;0,92;0,92;97
"827";6;"kd_tree";1;"euclidean";10;6;0,97;0,92;0,95;106
"831";0;"brute";1;"euclidean";10;0;0,97;0,97;0,97;97
"832";1;"brute";1;"euclidean";10;1;0,78;0,98;0,87;95
"833";2;"brute";1;"euclidean";10;2;0,99;0,89;0,94;111
"835";4;"brute";1;"euclidean";10;4;0,95;0,84;0,89;95
"836";5;"brute";1;"euclidean";10;5;0,93;0,92;0,92;97
"837";6;"brute";1;"euclidean";10;6;0,98;0,92;0,95;106
"838";7;"brute";1;"euclidean";10;7;0,81;0,91;0,86;97
"841";0;"auto";5;"euclidean";10;0;0,99;0,98;0,98;97
"843";2;"auto";5;"euclidean";10;2;0,98;0,86;0,91;111
"844";3;"auto";5;"euclidean";10;3;0,9;0,94;0,92;103
"845";4;"auto";5;"euclidean";10;4;0,91;0,84;0,87;95
"846";5;"auto";5;"euclidean";10;5;0,94;0,9;0,92;97
"847";6;"auto";5;"euclidean";10;6;0,96;0,93;0,95;106
"851";0;"ball_tree";5;"euclidean";10;0;0,99;0,98;0,98;97
"853";2;"ball_tree";5;"euclidean";10;2;0,98;0,86;0,91;111
"854";3;"ball_tree";5;"euclidean";10;3;0,9;0,94;0,92;103
"855";4;"ball_tree";5;"euclidean";10;4;0,91;0,83;0,87;95
"856";5;"ball_tree";5;"euclidean";10;5;0,94;0,9;0,92;97
"857";6;"ball_tree";5;"euclidean";10;6;0,96;0,93;0,95;106
"861";0;"kd_tree";5;"euclidean";10;0;0,99;0,98;0,98;97
"863";2;"kd_tree";5;"euclidean";10;2;0,98;0,86;0,91;111
"864";3;"kd_tree";5;"euclidean";10;3;0,9;0,94;0,92;103
"865";4;"kd_tree";5;"euclidean";10;4;0,91;0,84;0,87;95
"866";5;"kd_tree";5;"euclidean";10;5;0,94;0,9;0,92;97
"867";6;"kd_tree";5;"euclidean";10;6;0,96;0,93;0,95;106
"871";0;"brute";5;"euclidean";10;0;0,97;0,98;0,97;97
"873";2;"brute";5;"euclidean";10;2;0,99;0,86;0,92;111
"874";3;"brute";5;"euclidean";10;3;0,89;0,95;0,92;103
"875";4;"brute";5;"euclidean";10;4;0,9;0,83;0,86;95
"876";5;"brute";5;"euclidean";10;5;0,95;0,9;0,92;97
"877";6;"brute";5;"euclidean";10;6;0,98;0,92;0,95;106
"881";0;"auto";10;"euclidean";10;0;0,97;0,98;0,97;97
"883";2;"auto";10;"euclidean";10;2;1;0,84;0,91;111
"885";4;"auto";10;"euclidean";10;4;0,89;0,83;0,86;95
"886";5;"auto";10;"euclidean";10;5;0,95;0,89;0,91;97
"887";6;"auto";10;"euclidean";10;6;0,98;0,92;0,95;106
"891";0;"ball_tree";10;"euclidean";10;0;0,97;0,98;0,97;97
"893";2;"ball_tree";10;"euclidean";10;2;1;0,83;0,91;111
"894";3;"ball_tree";10;"euclidean";10;3;0,87;0,94;0,91;103
"895";4;"ball_tree";10;"euclidean";10;4;0,9;0,83;0,86;95
"896";5;"ball_tree";10;"euclidean";10;5;0,95;0,89;0,91;97
"897";6;"ball_tree";10;"euclidean";10;6;0,98;0,92;0,95;106
"901";0;"kd_tree";10;"euclidean";10;0;0,97;0,98;0,97;97
"903";2;"kd_tree";10;"euclidean";10;2;1;0,84;0,91;111
"905";4;"kd_tree";10;"euclidean";10;4;0,89;0,83;0,86;95
"906";5;"kd_tree";10;"euclidean";10;5;0,95;0,89;0,91;97
"907";6;"kd_tree";10;"euclidean";10;6;0,98;0,92;0,95;106
"911";0;"brute";10;"euclidean";10;0;0,96;0,98;0,97;97
"913";2;"brute";10;"euclidean";10;2;1;0,84;0,91;111
"915";4;"brute";10;"euclidean";10;4;0,9;0,83;0,86;95
"916";5;"brute";10;"euclidean";10;5;0,93;0,89;0,91;97
"917";6;"brute";10;"euclidean";10;6;0,99;0,92;0,95;106
"921";0;"auto";20;"euclidean";10;0;0,96;0,98;0,97;97
"927";6;"auto";20;"euclidean";10;6;0,95;0,9;0,92;106
"931";0;"ball_tree";20;"euclidean";10;0;0,96;0,98;0,97;97
"937";6;"ball_tree";20;"euclidean";10;6;0,95;0,89;0,92;106
"941";0;"kd_tree";20;"euclidean";10;0;0,96;0,98;0,97;97
"947";6;"kd_tree";20;"euclidean";10;6;0,95;0,9;0,92;106
"951";0;"brute";20;"euclidean";10;0;0,97;0,98;0,97;97
"956";5;"brute";20;"euclidean";10;5;0,93;0,89;0,91;97
"957";6;"brute";20;"euclidean";10;6;0,94;0,9;0,92;106
"961";0;"auto";50;"euclidean";10;0;0,9;0,96;0,93;97
"967";6;"auto";50;"euclidean";10;6;0,94;0,88;0,91;106
"971";0;"ball_tree";50;"euclidean";10;0;0,91;0,97;0,94;97
"981";0;"kd_tree";50;"euclidean";10;0;0,9;0,96;0,93;97
"987";6;"kd_tree";50;"euclidean";10;6;0,94;0,88;0,91;106
"991";0;"brute";50;"euclidean";10;0;0,9;0,96;0,93;97
"1001";0;"auto";1;"manhattan";10;0;0,97;0,97;0,97;97
"1002";1;"auto";1;"manhattan";10;1;0,78;0,99;0,87;95
"1003";2;"auto";1;"manhattan";10;2;0,99;0,88;0,93;111
"1005";4;"auto";1;"manhattan";10;4;0,95;0,84;0,89;95
"1006";5;"auto";1;"manhattan";10;5;0,93;0,92;0,92;97
"1007";6;"auto";1;"manhattan";10;6;0,97;0,92;0,95;106
"1011";0;"ball_tree";1;"manhattan";10;0;0,97;0,97;0,97;97
"1012";1;"ball_tree";1;"manhattan";10;1;0,78;0,98;0,87;95
"1013";2;"ball_tree";1;"manhattan";10;2;0,99;0,88;0,93;111
"1014";3;"ball_tree";1;"manhattan";10;3;0,87;0,94;0,91;103
"1015";4;"ball_tree";1;"manhattan";10;4;0,95;0,85;0,9;95
"1016";5;"ball_tree";1;"manhattan";10;5;0,93;0,92;0,92;97
"1017";6;"ball_tree";1;"manhattan";10;6;0,97;0,92;0,95;106
"1018";7;"ball_tree";1;"manhattan";10;7;0,82;0,91;0,86;97
"1021";0;"kd_tree";1;"manhattan";10;0;0,97;0,97;0,97;97
"1022";1;"kd_tree";1;"manhattan";10;1;0,78;0,99;0,87;95
"1023";2;"kd_tree";1;"manhattan";10;2;0,99;0,88;0,93;111
"1025";4;"kd_tree";1;"manhattan";10;4;0,95;0,84;0,89;95
"1026";5;"kd_tree";1;"manhattan";10;5;0,93;0,92;0,92;97
"1027";6;"kd_tree";1;"manhattan";10;6;0,97;0,92;0,95;106
"1031";0;"brute";1;"manhattan";10;0;0,97;0,97;0,97;97
"1032";1;"brute";1;"manhattan";10;1;0,78;0,98;0,87;95
"1033";2;"brute";1;"manhattan";10;2;0,99;0,89;0,94;111
"1035";4;"brute";1;"manhattan";10;4;0,95;0,84;0,89;95
"1036";5;"brute";1;"manhattan";10;5;0,93;0,92;0,92;97
"1037";6;"brute";1;"manhattan";10;6;0,98;0,92;0,95;106
"1038";7;"brute";1;"manhattan";10;7;0,81;0,91;0,86;97
"1041";0;"auto";5;"manhattan";10;0;0,99;0,98;0,98;97
"1043";2;"auto";5;"manhattan";10;2;0,98;0,86;0,91;111
"1044";3;"auto";5;"manhattan";10;3;0,9;0,94;0,92;103
"1045";4;"auto";5;"manhattan";10;4;0,91;0,84;0,87;95
"1046";5;"auto";5;"manhattan";10;5;0,94;0,9;0,92;97
"1047";6;"auto";5;"manhattan";10;6;0,96;0,93;0,95;106
"1051";0;"ball_tree";5;"manhattan";10;0;0,99;0,98;0,98;97
"1053";2;"ball_tree";5;"manhattan";10;2;0,98;0,86;0,91;111
"1054";3;"ball_tree";5;"manhattan";10;3;0,9;0,94;0,92;103
"1055";4;"ball_tree";5;"manhattan";10;4;0,91;0,83;0,87;95
"1056";5;"ball_tree";5;"manhattan";10;5;0,94;0,9;0,92;97
"1057";6;"ball_tree";5;"manhattan";10;6;0,96;0,93;0,95;106
"1061";0;"kd_tree";5;"manhattan";10;0;0,99;0,98;0,98;97
"1063";2;"kd_tree";5;"manhattan";10;2;0,98;0,86;0,91;111
"1064";3;"kd_tree";5;"manhattan";10;3;0,9;0,94;0,92;103
"1065";4;"kd_tree";5;"manhattan";10;4;0,91;0,84;0,87;95
"1066";5;"kd_tree";5;"manhattan";10;5;0,94;0,9;0,92;97
"1067";6;"kd_tree";5;"manhattan";10;6;0,96;0,93;0,95;106
"1071";0;"brute";5;"manhattan";10;0;0,97;0,98;0,97;97
"1073";2;"brute";5;"manhattan";10;2;0,99;0,86;0,92;111
"1074";3;"brute";5;"manhattan";10;3;0,89;0,95;0,92;103
"1075";4;"brute";5;"manhattan";10;4;0,9;0,83;0,86;95
"1076";5;"brute";5;"manhattan";10;5;0,95;0,9;0,92;97
"1077";6;"brute";5;"manhattan";10;6;0,98;0,92;0,95;106
"1081";0;"auto";10;"manhattan";10;0;0,97;0,98;0,97;97
"1083";2;"auto";10;"manhattan";10;2;1;0,84;0,91;111
"1085";4;"auto";10;"manhattan";10;4;0,89;0,83;0,86;95
"1086";5;"auto";10;"manhattan";10;5;0,95;0,89;0,91;97
"1087";6;"auto";10;"manhattan";10;6;0,98;0,92;0,95;106
"1091";0;"ball_tree";10;"manhattan";10;0;0,97;0,98;0,97;97
"1093";2;"ball_tree";10;"manhattan";10;2;1;0,83;0,91;111
"1094";3;"ball_tree";10;"manhattan";10;3;0,87;0,94;0,91;103
"1095";4;"ball_tree";10;"manhattan";10;4;0,9;0,83;0,86;95
"1096";5;"ball_tree";10;"manhattan";10;5;0,95;0,89;0,91;97
"1097";6;"ball_tree";10;"manhattan";10;6;0,98;0,92;0,95;106
"1101";0;"kd_tree";10;"manhattan";10;0;0,97;0,98;0,97;97
"1103";2;"kd_tree";10;"manhattan";10;2;1;0,84;0,91;111
"1105";4;"kd_tree";10;"manhattan";10;4;0,89;0,83;0,86;95
"1106";5;"kd_tree";10;"manhattan";10;5;0,95;0,89;0,91;97
"1107";6;"kd_tree";10;"manhattan";10;6;0,98;0,92;0,95;106
"1111";0;"brute";10;"manhattan";10;0;0,96;0,98;0,97;97
"1113";2;"brute";10;"manhattan";10;2;1;0,84;0,91;111
"1115";4;"brute";10;"manhattan";10;4;0,9;0,83;0,86;95
"1116";5;"brute";10;"manhattan";10;5;0,93;0,89;0,91;97
"1117";6;"brute";10;"manhattan";10;6;0,99;0,92;0,95;106
"1121";0;"auto";20;"manhattan";10;0;0,96;0,98;0,97;97
"1127";6;"auto";20;"manhattan";10;6;0,95;0,9;0,92;106
"1131";0;"ball_tree";20;"manhattan";10;0;0,96;0,98;0,97;97
"1137";6;"ball_tree";20;"manhattan";10;6;0,95;0,89;0,92;106
"1141";0;"kd_tree";20;"manhattan";10;0;0,96;0,98;0,97;97
"1147";6;"kd_tree";20;"manhattan";10;6;0,95;0,9;0,92;106
"1151";0;"brute";20;"manhattan";10;0;0,97;0,98;0,97;97
"1156";5;"brute";20;"manhattan";10;5;0,93;0,89;0,91;97
"1157";6;"brute";20;"manhattan";10;6;0,94;0,9;0,92;106
"1161";0;"auto";50;"manhattan";10;0;0,9;0,96;0,93;97
"1167";6;"auto";50;"manhattan";10;6;0,94;0,88;0,91;106
"1171";0;"ball_tree";50;"manhattan";10;0;0,91;0,97;0,94;97
"1181";0;"kd_tree";50;"manhattan";10;0;0,9;0,96;0,93;97
"1187";6;"kd_tree";50;"manhattan";10;6;0,94;0,88;0,91;106
"1191";0;"brute";50;"manhattan";10;0;0,9;0,96;0,93;97
"1401";0;"auto";1;"euclidean";20;0;0,96;0,97;0,96;97
"1402";1;"auto";1;"euclidean";20;1;0,79;0,98;0,87;95
"1403";2;"auto";1;"euclidean";20;2;0,99;0,91;0,95;111
"1404";3;"auto";1;"euclidean";20;3;0,93;0,94;0,94;103
"1405";4;"auto";1;"euclidean";20;4;0,95;0,87;0,91;95
"1406";5;"auto";1;"euclidean";20;5;0,91;0,93;0,92;97
"1407";6;"auto";1;"euclidean";20;6;0,98;0,92;0,95;106
"1408";7;"auto";1;"euclidean";20;7;0,84;0,9;0,87;97
"1409";8;"auto";1;"euclidean";20;8;0,96;0,86;0,91;87
"1410";9;"auto";1;"euclidean";20;9;0,92;0,9;0,91;112
"1411";0;"ball_tree";1;"euclidean";20;0;0,96;0,97;0,96;97
"1412";1;"ball_tree";1;"euclidean";20;1;0,79;0,98;0,87;95
"1413";2;"ball_tree";1;"euclidean";20;2;0,99;0,91;0,95;111
"1414";3;"ball_tree";1;"euclidean";20;3;0,93;0,94;0,94;103
"1415";4;"ball_tree";1;"euclidean";20;4;0,95;0,87;0,91;95
"1416";5;"ball_tree";1;"euclidean";20;5;0,91;0,93;0,92;97
"1417";6;"ball_tree";1;"euclidean";20;6;0,98;0,92;0,95;106
"1418";7;"ball_tree";1;"euclidean";20;7;0,84;0,9;0,87;97
"1419";8;"ball_tree";1;"euclidean";20;8;0,96;0,86;0,91;87
"1420";9;"ball_tree";1;"euclidean";20;9;0,92;0,9;0,91;112
"1421";0;"kd_tree";1;"euclidean";20;0;0,96;0,97;0,96;97
"1422";1;"kd_tree";1;"euclidean";20;1;0,79;0,98;0,87;95
"1423";2;"kd_tree";1;"euclidean";20;2;0,99;0,91;0,95;111
"1424";3;"kd_tree";1;"euclidean";20;3;0,93;0,94;0,94;103
"1425";4;"kd_tree";1;"euclidean";20;4;0,95;0,87;0,91;95
"1426";5;"kd_tree";1;"euclidean";20;5;0,91;0,93;0,92;97
"1427";6;"kd_tree";1;"euclidean";20;6;0,98;0,92;0,95;106
"1428";7;"kd_tree";1;"euclidean";20;7;0,84;0,9;0,87;97
"1429";8;"kd_tree";1;"euclidean";20;8;0,96;0,86;0,91;87
"1430";9;"kd_tree";1;"euclidean";20;9;0,92;0,9;0,91;112
"1431";0;"brute";1;"euclidean";20;0;0,96;0,97;0,96;97
"1432";1;"brute";1;"euclidean";20;1;0,79;0,98;0,87;95
"1433";2;"brute";1;"euclidean";20;2;0,99;0,91;0,95;111
"1434";3;"brute";1;"euclidean";20;3;0,93;0,94;0,94;103
"1435";4;"brute";1;"euclidean";20;4;0,95;0,87;0,91;95
"1436";5;"brute";1;"euclidean";20;5;0,91;0,93;0,92;97
"1437";6;"brute";1;"euclidean";20;6;0,98;0,92;0,95;106
"1438";7;"brute";1;"euclidean";20;7;0,84;0,9;0,87;97
"1439";8;"brute";1;"euclidean";20;8;0,96;0,86;0,91;87
"1440";9;"brute";1;"euclidean";20;9;0,92;0,9;0,91;112
"1441";0;"auto";5;"euclidean";20;0;0,97;0,98;0,97;97
"1443";2;"auto";5;"euclidean";20;2;0,98;0,89;0,93;111
"1444";3;"auto";5;"euclidean";20;3;0,92;0,92;0,92;103
"1445";4;"auto";5;"euclidean";20;4;0,95;0,88;0,92;95
"1446";5;"auto";5;"euclidean";20;5;0,97;0,92;0,94;97
"1447";6;"auto";5;"euclidean";20;6;0,98;0,94;0,96;106
"1448";7;"auto";5;"euclidean";20;7;0,85;0,87;0,86;97
"1449";8;"auto";5;"euclidean";20;8;0,96;0,87;0,92;87
"1450";9;"auto";5;"euclidean";20;9;0,96;0,88;0,92;112
"1451";0;"ball_tree";5;"euclidean";20;0;0,97;0,98;0,97;97
"1453";2;"ball_tree";5;"euclidean";20;2;0,98;0,89;0,93;111
"1454";3;"ball_tree";5;"euclidean";20;3;0,92;0,92;0,92;103
"1455";4;"ball_tree";5;"euclidean";20;4;0,95;0,88;0,92;95
"1456";5;"ball_tree";5;"euclidean";20;5;0,97;0,92;0,94;97
"1457";6;"ball_tree";5;"euclidean";20;6;0,98;0,94;0,96;106
"1458";7;"ball_tree";5;"euclidean";20;7;0,85;0,87;0,86;97
"1459";8;"ball_tree";5;"euclidean";20;8;0,96;0,87;0,92;87
"1460";9;"ball_tree";5;"euclidean";20;9;0,96;0,88;0,92;112
"1461";0;"kd_tree";5;"euclidean";20;0;0,97;0,98;0,97;97
"1463";2;"kd_tree";5;"euclidean";20;2;0,98;0,89;0,93;111
"1464";3;"kd_tree";5;"euclidean";20;3;0,92;0,92;0,92;103
"1465";4;"kd_tree";5;"euclidean";20;4;0,95;0,88;0,92;95
"1466";5;"kd_tree";5;"euclidean";20;5;0,97;0,92;0,94;97
"1467";6;"kd_tree";5;"euclidean";20;6;0,98;0,94;0,96;106
"1468";7;"kd_tree";5;"euclidean";20;7;0,85;0,87;0,86;97
"1469";8;"kd_tree";5;"euclidean";20;8;0,96;0,87;0,92;87
"1470";9;"kd_tree";5;"euclidean";20;9;0,96;0,88;0,92;112
"1471";0;"brute";5;"euclidean";20;0;0,97;0,98;0,97;97
"1473";2;"brute";5;"euclidean";20;2;0,99;0,89;0,94;111
"1474";3;"brute";5;"euclidean";20;3;0,92;0,93;0,93;103
"1475";4;"brute";5;"euclidean";20;4;0,95;0,87;0,91;95
"1476";5;"brute";5;"euclidean";20;5;0,97;0,92;0,94;97
"1477";6;"brute";5;"euclidean";20;6;0,97;0,94;0,96;106
"1479";8;"brute";5;"euclidean";20;8;0,97;0,87;0,92;87
"1480";9;"brute";5;"euclidean";20;9;0,96;0,88;0,92;112
"1481";0;"auto";10;"euclidean";20;0;0,97;0,98;0,97;97
"1483";2;"auto";10;"euclidean";20;2;0,98;0,86;0,92;111
"1484";3;"auto";10;"euclidean";20;3;0,91;0,94;0,92;103
"1485";4;"auto";10;"euclidean";20;4;0,94;0,82;0,88;95
"1486";5;"auto";10;"euclidean";20;5;0,94;0,92;0,93;97
"1487";6;"auto";10;"euclidean";20;6;0,96;0,92;0,94;106
"1491";0;"ball_tree";10;"euclidean";20;0;0,97;0,98;0,97;97
"1493";2;"ball_tree";10;"euclidean";20;2;0,98;0,86;0,92;111
"1494";3;"ball_tree";10;"euclidean";20;3;0,91;0,94;0,92;103
"1495";4;"ball_tree";10;"euclidean";20;4;0,94;0,82;0,88;95
"1496";5;"ball_tree";10;"euclidean";20;5;0,94;0,92;0,93;97
"1497";6;"ball_tree";10;"euclidean";20;6;0,96;0,92;0,94;106
"1501";0;"kd_tree";10;"euclidean";20;0;0,97;0,98;0,97;97
"1503";2;"kd_tree";10;"euclidean";20;2;0,98;0,86;0,92;111
"1504";3;"kd_tree";10;"euclidean";20;3;0,91;0,94;0,92;103
"1505";4;"kd_tree";10;"euclidean";20;4;0,94;0,82;0,88;95
"1506";5;"kd_tree";10;"euclidean";20;5;0,94;0,92;0,93;97
"1507";6;"kd_tree";10;"euclidean";20;6;0,96;0,92;0,94;106
"1511";0;"brute";10;"euclidean";20;0;0,97;0,98;0,97;97
"1513";2;"brute";10;"euclidean";20;2;0,99;0,86;0,92;111
"1514";3;"brute";10;"euclidean";20;3;0,91;0,95;0,93;103
"1515";4;"brute";10;"euclidean";20;4;0,94;0,82;0,88;95
"1516";5;"brute";10;"euclidean";20;5;0,94;0,92;0,93;97
"1517";6;"brute";10;"euclidean";20;6;0,96;0,92;0,94;106
"1521";0;"auto";20;"euclidean";20;0;0,97;0,98;0,97;97
"1524";3;"auto";20;"euclidean";20;3;0,9;0,92;0,91;103
"1525";4;"auto";20;"euclidean";20;4;0,91;0,81;0,86;95
"1526";5;"auto";20;"euclidean";20;5;0,96;0,89;0,92;97
"1527";6;"auto";20;"euclidean";20;6;0,96;0,89;0,92;106
"1531";0;"ball_tree";20;"euclidean";20;0;0,97;0,98;0,97;97
"1534";3;"ball_tree";20;"euclidean";20;3;0,9;0,92;0,91;103
"1535";4;"ball_tree";20;"euclidean";20;4;0,91;0,81;0,86;95
"1536";5;"ball_tree";20;"euclidean";20;5;0,96;0,89;0,92;97
"1537";6;"ball_tree";20;"euclidean";20;6;0,96;0,89;0,92;106
"1541";0;"kd_tree";20;"euclidean";20;0;0,97;0,98;0,97;97
"1544";3;"kd_tree";20;"euclidean";20;3;0,9;0,92;0,91;103
"1545";4;"kd_tree";20;"euclidean";20;4;0,91;0,81;0,86;95
"1546";5;"kd_tree";20;"euclidean";20;5;0,96;0,89;0,92;97
"1547";6;"kd_tree";20;"euclidean";20;6;0,96;0,89;0,92;106
"1551";0;"brute";20;"euclidean";20;0;0,97;0,98;0,97;97
"1554";3;"brute";20;"euclidean";20;3;0,9;0,92;0,91;103
"1555";4;"brute";20;"euclidean";20;4;0,91;0,81;0,86;95
"1556";5;"brute";20;"euclidean";20;5;0,96;0,9;0,93;97
"1557";6;"brute";20;"euclidean";20;6;0,96;0,89;0,92;106
"1561";0;"auto";50;"euclidean";20;0;0,95;0,97;0,96;97
"1571";0;"ball_tree";50;"euclidean";20;0;0,95;0,97;0,96;97
"1581";0;"kd_tree";50;"euclidean";20;0;0,95;0,97;0,96;97
"1591";0;"brute";50;"euclidean";20;0;0,95;0,97;0,96;97
"1601";0;"auto";1;"manhattan";20;0;0,96;0,97;0,96;97
"1602";1;"auto";1;"manhattan";20;1;0,79;0,98;0,87;95
"1603";2;"auto";1;"manhattan";20;2;0,99;0,91;0,95;111
"1604";3;"auto";1;"manhattan";20;3;0,93;0,94;0,94;103
"1605";4;"auto";1;"manhattan";20;4;0,95;0,87;0,91;95
"1606";5;"auto";1;"manhattan";20;5;0,91;0,93;0,92;97
"1607";6;"auto";1;"manhattan";20;6;0,98;0,92;0,95;106
"1608";7;"auto";1;"manhattan";20;7;0,84;0,9;0,87;97
"1609";8;"auto";1;"manhattan";20;8;0,96;0,86;0,91;87
"1610";9;"auto";1;"manhattan";20;9;0,92;0,9;0,91;112
"1611";0;"ball_tree";1;"manhattan";20;0;0,96;0,97;0,96;97
"1612";1;"ball_tree";1;"manhattan";20;1;0,79;0,98;0,87;95
"1613";2;"ball_tree";1;"manhattan";20;2;0,99;0,91;0,95;111
"1614";3;"ball_tree";1;"manhattan";20;3;0,93;0,94;0,94;103
"1615";4;"ball_tree";1;"manhattan";20;4;0,95;0,87;0,91;95
"1616";5;"ball_tree";1;"manhattan";20;5;0,91;0,93;0,92;97
"1617";6;"ball_tree";1;"manhattan";20;6;0,98;0,92;0,95;106
"1618";7;"ball_tree";1;"manhattan";20;7;0,84;0,9;0,87;97
"1619";8;"ball_tree";1;"manhattan";20;8;0,96;0,86;0,91;87
"1620";9;"ball_tree";1;"manhattan";20;9;0,92;0,9;0,91;112
"1621";0;"kd_tree";1;"manhattan";20;0;0,96;0,97;0,96;97
"1622";1;"kd_tree";1;"manhattan";20;1;0,79;0,98;0,87;95
"1623";2;"kd_tree";1;"manhattan";20;2;0,99;0,91;0,95;111
"1624";3;"kd_tree";1;"manhattan";20;3;0,93;0,94;0,94;103
"1625";4;"kd_tree";1;"manhattan";20;4;0,95;0,87;0,91;95
"1626";5;"kd_tree";1;"manhattan";20;5;0,91;0,93;0,92;97
"1627";6;"kd_tree";1;"manhattan";20;6;0,98;0,92;0,95;106
"1628";7;"kd_tree";1;"manhattan";20;7;0,84;0,9;0,87;97
"1629";8;"kd_tree";1;"manhattan";20;8;0,96;0,86;0,91;87
"1630";9;"kd_tree";1;"manhattan";20;9;0,92;0,9;0,91;112
"1631";0;"brute";1;"manhattan";20;0;0,96;0,97;0,96;97
"1632";1;"brute";1;"manhattan";20;1;0,79;0,98;0,87;95
"1633";2;"brute";1;"manhattan";20;2;0,99;0,91;0,95;111
"1634";3;"brute";1;"manhattan";20;3;0,93;0,94;0,94;103
"1635";4;"brute";1;"manhattan";20;4;0,95;0,87;0,91;95
"1636";5;"brute";1;"manhattan";20;5;0,91;0,93;0,92;97
"1637";6;"brute";1;"manhattan";20;6;0,98;0,92;0,95;106
"1638";7;"brute";1;"manhattan";20;7;0,84;0,9;0,87;97
"1639";8;"brute";1;"manhattan";20;8;0,96;0,86;0,91;87
"1640";9;"brute";1;"manhattan";20;9;0,92;0,9;0,91;112
"1641";0;"auto";5;"manhattan";20;0;0,97;0,98;0,97;97
"1643";2;"auto";5;"manhattan";20;2;0,98;0,89;0,93;111
"1644";3;"auto";5;"manhattan";20;3;0,92;0,92;0,92;103
"1645";4;"auto";5;"manhattan";20;4;0,95;0,88;0,92;95
"1646";5;"auto";5;"manhattan";20;5;0,97;0,92;0,94;97
"1647";6;"auto";5;"manhattan";20;6;0,98;0,94;0,96;106
"1648";7;"auto";5;"manhattan";20;7;0,85;0,87;0,86;97
"1649";8;"auto";5;"manhattan";20;8;0,96;0,87;0,92;87
"1650";9;"auto";5;"manhattan";20;9;0,96;0,88;0,92;112
"1651";0;"ball_tree";5;"manhattan";20;0;0,97;0,98;0,97;97
"1653";2;"ball_tree";5;"manhattan";20;2;0,98;0,89;0,93;111
"1654";3;"ball_tree";5;"manhattan";20;3;0,92;0,92;0,92;103
"1655";4;"ball_tree";5;"manhattan";20;4;0,95;0,88;0,92;95
"1656";5;"ball_tree";5;"manhattan";20;5;0,97;0,92;0,94;97
"1657";6;"ball_tree";5;"manhattan";20;6;0,98;0,94;0,96;106
"1658";7;"ball_tree";5;"manhattan";20;7;0,85;0,87;0,86;97
"1659";8;"ball_tree";5;"manhattan";20;8;0,96;0,87;0,92;87
"1660";9;"ball_tree";5;"manhattan";20;9;0,96;0,88;0,92;112
"1661";0;"kd_tree";5;"manhattan";20;0;0,97;0,98;0,97;97
"1663";2;"kd_tree";5;"manhattan";20;2;0,98;0,89;0,93;111
"1664";3;"kd_tree";5;"manhattan";20;3;0,92;0,92;0,92;103
"1665";4;"kd_tree";5;"manhattan";20;4;0,95;0,88;0,92;95
"1666";5;"kd_tree";5;"manhattan";20;5;0,97;0,92;0,94;97
"1667";6;"kd_tree";5;"manhattan";20;6;0,98;0,94;0,96;106
"1668";7;"kd_tree";5;"manhattan";20;7;0,85;0,87;0,86;97
"1669";8;"kd_tree";5;"manhattan";20;8;0,96;0,87;0,92;87
"1670";9;"kd_tree";5;"manhattan";20;9;0,96;0,88;0,92;112
"1671";0;"brute";5;"manhattan";20;0;0,97;0,98;0,97;97
"1673";2;"brute";5;"manhattan";20;2;0,99;0,89;0,94;111
"1674";3;"brute";5;"manhattan";20;3;0,92;0,93;0,93;103
"1675";4;"brute";5;"manhattan";20;4;0,95;0,87;0,91;95
"1676";5;"brute";5;"manhattan";20;5;0,97;0,92;0,94;97
"1677";6;"brute";5;"manhattan";20;6;0,97;0,94;0,96;106
"1679";8;"brute";5;"manhattan";20;8;0,97;0,87;0,92;87
"1680";9;"brute";5;"manhattan";20;9;0,96;0,88;0,92;112
"1681";0;"auto";10;"manhattan";20;0;0,97;0,98;0,97;97
"1683";2;"auto";10;"manhattan";20;2;0,98;0,86;0,92;111
"1684";3;"auto";10;"manhattan";20;3;0,91;0,94;0,92;103
"1685";4;"auto";10;"manhattan";20;4;0,94;0,82;0,88;95
"1686";5;"auto";10;"manhattan";20;5;0,94;0,92;0,93;97
"1687";6;"auto";10;"manhattan";20;6;0,96;0,92;0,94;106
"1691";0;"ball_tree";10;"manhattan";20;0;0,97;0,98;0,97;97
"1693";2;"ball_tree";10;"manhattan";20;2;0,98;0,86;0,92;111
"1694";3;"ball_tree";10;"manhattan";20;3;0,91;0,94;0,92;103
"1695";4;"ball_tree";10;"manhattan";20;4;0,94;0,82;0,88;95
"1696";5;"ball_tree";10;"manhattan";20;5;0,94;0,92;0,93;97
"1697";6;"ball_tree";10;"manhattan";20;6;0,96;0,92;0,94;106
"1701";0;"kd_tree";10;"manhattan";20;0;0,97;0,98;0,97;97
"1703";2;"kd_tree";10;"manhattan";20;2;0,98;0,86;0,92;111
"1704";3;"kd_tree";10;"manhattan";20;3;0,91;0,94;0,92;103
"1705";4;"kd_tree";10;"manhattan";20;4;0,94;0,82;0,88;95
"1706";5;"kd_tree";10;"manhattan";20;5;0,94;0,92;0,93;97
"1707";6;"kd_tree";10;"manhattan";20;6;0,96;0,92;0,94;106
"1711";0;"brute";10;"manhattan";20;0;0,97;0,98;0,97;97
"1713";2;"brute";10;"manhattan";20;2;0,99;0,86;0,92;111
"1714";3;"brute";10;"manhattan";20;3;0,91;0,95;0,93;103
"1715";4;"brute";10;"manhattan";20;4;0,94;0,82;0,88;95
"1716";5;"brute";10;"manhattan";20;5;0,94;0,92;0,93;97
"1717";6;"brute";10;"manhattan";20;6;0,96;0,92;0,94;106
"1721";0;"auto";20;"manhattan";20;0;0,97;0,98;0,97;97
"1724";3;"auto";20;"manhattan";20;3;0,9;0,92;0,91;103
"1725";4;"auto";20;"manhattan";20;4;0,91;0,81;0,86;95
"1726";5;"auto";20;"manhattan";20;5;0,96;0,89;0,92;97
"1727";6;"auto";20;"manhattan";20;6;0,96;0,89;0,92;106
"1731";0;"ball_tree";20;"manhattan";20;0;0,97;0,98;0,97;97
"1734";3;"ball_tree";20;"manhattan";20;3;0,9;0,92;0,91;103
"1735";4;"ball_tree";20;"manhattan";20;4;0,91;0,81;0,86;95
"1736";5;"ball_tree";20;"manhattan";20;5;0,96;0,89;0,92;97
"1737";6;"ball_tree";20;"manhattan";20;6;0,96;0,89;0,92;106
"1741";0;"kd_tree";20;"manhattan";20;0;0,97;0,98;0,97;97
"1744";3;"kd_tree";20;"manhattan";20;3;0,9;0,92;0,91;103
"1745";4;"kd_tree";20;"manhattan";20;4;0,91;0,81;0,86;95
"1746";5;"kd_tree";20;"manhattan";20;5;0,96;0,89;0,92;97
"1747";6;"kd_tree";20;"manhattan";20;6;0,96;0,89;0,92;106
"1751";0;"brute";20;"manhattan";20;0;0,97;0,98;0,97;97
"1754";3;"brute";20;"manhattan";20;3;0,9;0,92;0,91;103
"1755";4;"brute";20;"manhattan";20;4;0,91;0,81;0,86;95
"1756";5;"brute";20;"manhattan";20;5;0,96;0,9;0,93;97
"1757";6;"brute";20;"manhattan";20;6;0,96;0,89;0,92;106
"1761";0;"auto";50;"manhattan";20;0;0,95;0,97;0,96;97
"1771";0;"ball_tree";50;"manhattan";20;0;0,95;0,97;0,96;97
"1781";0;"kd_tree";50;"manhattan";20;0;0,95;0,97;0,96;97
"1791";0;"brute";50;"manhattan";20;0;0,95;0,97;0,96;97
"2001";0;"auto";1;"euclidean";30;0;0,96;0,95;0,95;97
"2002";1;"auto";1;"euclidean";30;1;0,79;0,98;0,88;95
"2003";2;"auto";1;"euclidean";30;2;0,99;0,9;0,94;111
"2004";3;"auto";1;"euclidean";30;3;0,91;0,95;0,93;103
"2005";4;"auto";1;"euclidean";30;4;0,94;0,86;0,9;95
"2006";5;"auto";1;"euclidean";30;5;0,92;0,91;0,91;97
"2007";6;"auto";1;"euclidean";30;6;0,97;0,92;0,95;106
"2008";7;"auto";1;"euclidean";30;7;0,85;0,91;0,88;97
"2009";8;"auto";1;"euclidean";30;8;0,97;0,9;0,93;87
"2010";9;"auto";1;"euclidean";30;9;0,92;0,9;0,91;112
"2011";0;"ball_tree";1;"euclidean";30;0;0,96;0,95;0,95;97
"2012";1;"ball_tree";1;"euclidean";30;1;0,79;0,98;0,88;95
"2013";2;"ball_tree";1;"euclidean";30;2;0,99;0,9;0,94;111
"2014";3;"ball_tree";1;"euclidean";30;3;0,91;0,95;0,93;103
"2015";4;"ball_tree";1;"euclidean";30;4;0,94;0,86;0,9;95
"2016";5;"ball_tree";1;"euclidean";30;5;0,92;0,91;0,91;97
"2017";6;"ball_tree";1;"euclidean";30;6;0,97;0,92;0,95;106
"2018";7;"ball_tree";1;"euclidean";30;7;0,85;0,91;0,88;97
"2019";8;"ball_tree";1;"euclidean";30;8;0,97;0,9;0,93;87
"2020";9;"ball_tree";1;"euclidean";30;9;0,92;0,9;0,91;112
"2021";0;"kd_tree";1;"euclidean";30;0;0,96;0,95;0,95;97
"2022";1;"kd_tree";1;"euclidean";30;1;0,79;0,98;0,88;95
"2023";2;"kd_tree";1;"euclidean";30;2;0,99;0,9;0,94;111
"2024";3;"kd_tree";1;"euclidean";30;3;0,91;0,95;0,93;103
"2025";4;"kd_tree";1;"euclidean";30;4;0,94;0,86;0,9;95
"2026";5;"kd_tree";1;"euclidean";30;5;0,92;0,91;0,91;97
"2027";6;"kd_tree";1;"euclidean";30;6;0,97;0,92;0,95;106
"2028";7;"kd_tree";1;"euclidean";30;7;0,85;0,91;0,88;97
"2029";8;"kd_tree";1;"euclidean";30;8;0,97;0,9;0,93;87
"2030";9;"kd_tree";1;"euclidean";30;9;0,92;0,9;0,91;112
"2031";0;"brute";1;"euclidean";30;0;0,96;0,95;0,95;97
"2032";1;"brute";1;"euclidean";30;1;0,79;0,98;0,88;95
"2033";2;"brute";1;"euclidean";30;2;0,99;0,9;0,94;111
"2034";3;"brute";1;"euclidean";30;3;0,91;0,95;0,93;103
"2035";4;"brute";1;"euclidean";30;4;0,94;0,86;0,9;95
"2036";5;"brute";1;"euclidean";30;5;0,92;0,91;0,91;97
"2037";6;"brute";1;"euclidean";30;6;0,97;0,92;0,95;106
"2038";7;"brute";1;"euclidean";30;7;0,85;0,91;0,88;97
"2039";8;"brute";1;"euclidean";30;8;0,97;0,9;0,93;87
"2040";9;"brute";1;"euclidean";30;9;0,92;0,9;0,91;112
"2041";0;"auto";5;"euclidean";30;0;0,98;0,98;0,98;97
"2043";2;"auto";5;"euclidean";30;2;0,99;0,9;0,94;111
"2044";3;"auto";5;"euclidean";30;3;0,92;0,95;0,93;103
"2045";4;"auto";5;"euclidean";30;4;0,92;0,85;0,89;95
"2046";5;"auto";5;"euclidean";30;5;0,98;0,92;0,95;97
"2047";6;"auto";5;"euclidean";30;6;0,97;0,94;0,96;106
"2049";8;"auto";5;"euclidean";30;8;0,99;0,87;0,93;87
"2051";0;"ball_tree";5;"euclidean";30;0;0,98;0,98;0,98;97
"2053";2;"ball_tree";5;"euclidean";30;2;0,99;0,9;0,94;111
"2054";3;"ball_tree";5;"euclidean";30;3;0,92;0,95;0,93;103
"2055";4;"ball_tree";5;"euclidean";30;4;0,92;0,85;0,89;95
"2056";5;"ball_tree";5;"euclidean";30;5;0,98;0,92;0,95;97
"2057";6;"ball_tree";5;"euclidean";30;6;0,97;0,94;0,96;106
"2059";8;"ball_tree";5;"euclidean";30;8;0,99;0,87;0,93;87
"2061";0;"kd_tree";5;"euclidean";30;0;0,98;0,98;0,98;97
"2063";2;"kd_tree";5;"euclidean";30;2;0,99;0,9;0,94;111
"2064";3;"kd_tree";5;"euclidean";30;3;0,92;0,95;0,93;103
"2065";4;"kd_tree";5;"euclidean";30;4;0,92;0,85;0,89;95
"2066";5;"kd_tree";5;"euclidean";30;5;0,98;0,92;0,95;97
"2067";6;"kd_tree";5;"euclidean";30;6;0,97;0,94;0,96;106
"2069";8;"kd_tree";5;"euclidean";30;8;0,99;0,87;0,93;87
"2071";0;"brute";5;"euclidean";30;0;0,98;0,98;0,98;97
"2073";2;"brute";5;"euclidean";30;2;0,99;0,89;0,94;111
"2074";3;"brute";5;"euclidean";30;3;0,91;0,95;0,93;103
"2075";4;"brute";5;"euclidean";30;4;0,92;0,86;0,89;95
"2076";5;"brute";5;"euclidean";30;5;0,98;0,91;0,94;97
"2077";6;"brute";5;"euclidean";30;6;0,97;0,94;0,96;106
"2079";8;"brute";5;"euclidean";30;8;0,99;0,86;0,92;87
"2081";0;"auto";10;"euclidean";30;0;0,95;0,98;0,96;97
"2083";2;"auto";10;"euclidean";30;2;0,99;0,84;0,91;111
"2084";3;"auto";10;"euclidean";30;3;0,89;0,94;0,92;103
"2085";4;"auto";10;"euclidean";30;4;0,92;0,86;0,89;95
"2086";5;"auto";10;"euclidean";30;5;0,97;0,9;0,93;97
"2087";6;"auto";10;"euclidean";30;6;0,97;0,92;0,94;106
"2091";0;"ball_tree";10;"euclidean";30;0;0,95;0,98;0,96;97
"2093";2;"ball_tree";10;"euclidean";30;2;0,99;0,84;0,91;111
"2094";3;"ball_tree";10;"euclidean";30;3;0,89;0,94;0,92;103
"2095";4;"ball_tree";10;"euclidean";30;4;0,92;0,86;0,89;95
"2096";5;"ball_tree";10;"euclidean";30;5;0,97;0,9;0,93;97
"2097";6;"ball_tree";10;"euclidean";30;6;0,97;0,92;0,94;106
"2101";0;"kd_tree";10;"euclidean";30;0;0,95;0,98;0,96;97
"2103";2;"kd_tree";10;"euclidean";30;2;0,99;0,84;0,91;111
"2104";3;"kd_tree";10;"euclidean";30;3;0,89;0,94;0,92;103
"2105";4;"kd_tree";10;"euclidean";30;4;0,92;0,86;0,89;95
"2106";5;"kd_tree";10;"euclidean";30;5;0,97;0,9;0,93;97
"2107";6;"kd_tree";10;"euclidean";30;6;0,97;0,92;0,94;106
"2111";0;"brute";10;"euclidean";30;0;0,96;0,98;0,97;97
"2113";2;"brute";10;"euclidean";30;2;0,99;0,84;0,91;111
"2114";3;"brute";10;"euclidean";30;3;0,89;0,94;0,92;103
"2115";4;"brute";10;"euclidean";30;4;0,92;0,85;0,89;95
"2116";5;"brute";10;"euclidean";30;5;0,97;0,9;0,93;97
"2117";6;"brute";10;"euclidean";30;6;0,97;0,92;0,95;106
"2121";0;"auto";20;"euclidean";30;0;0,94;0,98;0,96;97
"2125";4;"auto";20;"euclidean";30;4;0,93;0,8;0,86;95
"2126";5;"auto";20;"euclidean";30;5;0,94;0,91;0,92;97
"2127";6;"auto";20;"euclidean";30;6;0,97;0,91;0,94;106
"2131";0;"ball_tree";20;"euclidean";30;0;0,94;0,98;0,96;97
"2134";3;"ball_tree";20;"euclidean";30;3;0,89;0,93;0,91;103
"2135";4;"ball_tree";20;"euclidean";30;4;0,93;0,8;0,86;95
"2136";5;"ball_tree";20;"euclidean";30;5;0,94;0,91;0,92;97
"2137";6;"ball_tree";20;"euclidean";30;6;0,97;0,91;0,94;106
"2141";0;"kd_tree";20;"euclidean";30;0;0,94;0,98;0,96;97
"2145";4;"kd_tree";20;"euclidean";30;4;0,93;0,8;0,86;95
"2146";5;"kd_tree";20;"euclidean";30;5;0,94;0,91;0,92;97
"2147";6;"kd_tree";20;"euclidean";30;6;0,97;0,91;0,94;106
"2151";0;"brute";20;"euclidean";30;0;0,95;0,98;0,96;97
"2155";4;"brute";20;"euclidean";30;4;0,93;0,8;0,86;95
"2156";5;"brute";20;"euclidean";30;5;0,94;0,91;0,92;97
"2157";6;"brute";20;"euclidean";30;6;0,96;0,91;0,93;106
"2161";0;"auto";50;"euclidean";30;0;0,95;0,97;0,96;97
"2167";6;"auto";50;"euclidean";30;6;0,94;0,88;0,91;106
"2171";0;"ball_tree";50;"euclidean";30;0;0,95;0,97;0,96;97
"2177";6;"ball_tree";50;"euclidean";30;6;0,94;0,88;0,91;106
"2181";0;"kd_tree";50;"euclidean";30;0;0,95;0,97;0,96;97
"2187";6;"kd_tree";50;"euclidean";30;6;0,94;0,88;0,91;106
"2191";0;"brute";50;"euclidean";30;0;0,96;0,97;0,96;97
"2197";6;"brute";50;"euclidean";30;6;0,94;0,88;0,91;106
"2201";0;"auto";1;"manhattan";30;0;0,96;0,95;0,95;97
"2202";1;"auto";1;"manhattan";30;1;0,79;0,98;0,88;95
"2203";2;"auto";1;"manhattan";30;2;0,99;0,9;0,94;111
"2204";3;"auto";1;"manhattan";30;3;0,91;0,95;0,93;103
"2205";4;"auto";1;"manhattan";30;4;0,94;0,86;0,9;95
"2206";5;"auto";1;"manhattan";30;5;0,92;0,91;0,91;97
"2207";6;"auto";1;"manhattan";30;6;0,97;0,92;0,95;106
"2208";7;"auto";1;"manhattan";30;7;0,85;0,91;0,88;97
"2209";8;"auto";1;"manhattan";30;8;0,97;0,9;0,93;87
"2210";9;"auto";1;"manhattan";30;9;0,92;0,9;0,91;112
"2211";0;"ball_tree";1;"manhattan";30;0;0,96;0,95;0,95;97
"2212";1;"ball_tree";1;"manhattan";30;1;0,79;0,98;0,88;95
"2213";2;"ball_tree";1;"manhattan";30;2;0,99;0,9;0,94;111
"2214";3;"ball_tree";1;"manhattan";30;3;0,91;0,95;0,93;103
"2215";4;"ball_tree";1;"manhattan";30;4;0,94;0,86;0,9;95
"2216";5;"ball_tree";1;"manhattan";30;5;0,92;0,91;0,91;97
"2217";6;"ball_tree";1;"manhattan";30;6;0,97;0,92;0,95;106
"2218";7;"ball_tree";1;"manhattan";30;7;0,85;0,91;0,88;97
"2219";8;"ball_tree";1;"manhattan";30;8;0,97;0,9;0,93;87
"2220";9;"ball_tree";1;"manhattan";30;9;0,92;0,9;0,91;112
"2221";0;"kd_tree";1;"manhattan";30;0;0,96;0,95;0,95;97
"2222";1;"kd_tree";1;"manhattan";30;1;0,79;0,98;0,88;95
"2223";2;"kd_tree";1;"manhattan";30;2;0,99;0,9;0,94;111
"2224";3;"kd_tree";1;"manhattan";30;3;0,91;0,95;0,93;103
"2225";4;"kd_tree";1;"manhattan";30;4;0,94;0,86;0,9;95
"2226";5;"kd_tree";1;"manhattan";30;5;0,92;0,91;0,91;97
"2227";6;"kd_tree";1;"manhattan";30;6;0,97;0,92;0,95;106
"2228";7;"kd_tree";1;"manhattan";30;7;0,85;0,91;0,88;97
"2229";8;"kd_tree";1;"manhattan";30;8;0,97;0,9;0,93;87
"2230";9;"kd_tree";1;"manhattan";30;9;0,92;0,9;0,91;112
"2231";0;"brute";1;"manhattan";30;0;0,96;0,95;0,95;97
"2232";1;"brute";1;"manhattan";30;1;0,79;0,98;0,88;95
"2233";2;"brute";1;"manhattan";30;2;0,99;0,9;0,94;111
"2234";3;"brute";1;"manhattan";30;3;0,91;0,95;0,93;103
"2235";4;"brute";1;"manhattan";30;4;0,94;0,86;0,9;95
"2236";5;"brute";1;"manhattan";30;5;0,92;0,91;0,91;97
"2237";6;"brute";1;"manhattan";30;6;0,97;0,92;0,95;106
"2238";7;"brute";1;"manhattan";30;7;0,85;0,91;0,88;97
"2239";8;"brute";1;"manhattan";30;8;0,97;0,9;0,93;87
"2240";9;"brute";1;"manhattan";30;9;0,92;0,9;0,91;112
"2241";0;"auto";5;"manhattan";30;0;0,98;0,98;0,98;97
"2243";2;"auto";5;"manhattan";30;2;0,99;0,9;0,94;111
"2244";3;"auto";5;"manhattan";30;3;0,92;0,95;0,93;103
"2245";4;"auto";5;"manhattan";30;4;0,92;0,85;0,89;95
"2246";5;"auto";5;"manhattan";30;5;0,98;0,92;0,95;97
"2247";6;"auto";5;"manhattan";30;6;0,97;0,94;0,96;106
"2249";8;"auto";5;"manhattan";30;8;0,99;0,87;0,93;87
"2251";0;"ball_tree";5;"manhattan";30;0;0,98;0,98;0,98;97
"2253";2;"ball_tree";5;"manhattan";30;2;0,99;0,9;0,94;111
"2254";3;"ball_tree";5;"manhattan";30;3;0,92;0,95;0,93;103
"2255";4;"ball_tree";5;"manhattan";30;4;0,92;0,85;0,89;95
"2256";5;"ball_tree";5;"manhattan";30;5;0,98;0,92;0,95;97
"2257";6;"ball_tree";5;"manhattan";30;6;0,97;0,94;0,96;106
"2259";8;"ball_tree";5;"manhattan";30;8;0,99;0,87;0,93;87
"2261";0;"kd_tree";5;"manhattan";30;0;0,98;0,98;0,98;97
"2263";2;"kd_tree";5;"manhattan";30;2;0,99;0,9;0,94;111
"2264";3;"kd_tree";5;"manhattan";30;3;0,92;0,95;0,93;103
"2265";4;"kd_tree";5;"manhattan";30;4;0,92;0,85;0,89;95
"2266";5;"kd_tree";5;"manhattan";30;5;0,98;0,92;0,95;97
"2267";6;"kd_tree";5;"manhattan";30;6;0,97;0,94;0,96;106
"2269";8;"kd_tree";5;"manhattan";30;8;0,99;0,87;0,93;87
"2271";0;"brute";5;"manhattan";30;0;0,98;0,98;0,98;97
"2273";2;"brute";5;"manhattan";30;2;0,99;0,89;0,94;111
"2274";3;"brute";5;"manhattan";30;3;0,91;0,95;0,93;103
"2275";4;"brute";5;"manhattan";30;4;0,92;0,86;0,89;95
"2276";5;"brute";5;"manhattan";30;5;0,98;0,91;0,94;97
"2277";6;"brute";5;"manhattan";30;6;0,97;0,94;0,96;106
"2279";8;"brute";5;"manhattan";30;8;0,99;0,86;0,92;87
"2281";0;"auto";10;"manhattan";30;0;0,95;0,98;0,96;97
"2283";2;"auto";10;"manhattan";30;2;0,99;0,84;0,91;111
"2284";3;"auto";10;"manhattan";30;3;0,89;0,94;0,92;103
"2285";4;"auto";10;"manhattan";30;4;0,92;0,86;0,89;95
"2286";5;"auto";10;"manhattan";30;5;0,97;0,9;0,93;97
"2287";6;"auto";10;"manhattan";30;6;0,97;0,92;0,94;106
"2291";0;"ball_tree";10;"manhattan";30;0;0,95;0,98;0,96;97
"2293";2;"ball_tree";10;"manhattan";30;2;0,99;0,84;0,91;111
"2294";3;"ball_tree";10;"manhattan";30;3;0,89;0,94;0,92;103
"2295";4;"ball_tree";10;"manhattan";30;4;0,92;0,86;0,89;95
"2296";5;"ball_tree";10;"manhattan";30;5;0,97;0,9;0,93;97
"2297";6;"ball_tree";10;"manhattan";30;6;0,97;0,92;0,94;106
"2301";0;"kd_tree";10;"manhattan";30;0;0,95;0,98;0,96;97
"2303";2;"kd_tree";10;"manhattan";30;2;0,99;0,84;0,91;111
"2304";3;"kd_tree";10;"manhattan";30;3;0,89;0,94;0,92;103
"2305";4;"kd_tree";10;"manhattan";30;4;0,92;0,86;0,89;95
"2306";5;"kd_tree";10;"manhattan";30;5;0,97;0,9;0,93;97
"2307";6;"kd_tree";10;"manhattan";30;6;0,97;0,92;0,94;106
"2311";0;"brute";10;"manhattan";30;0;0,96;0,98;0,97;97
"2313";2;"brute";10;"manhattan";30;2;0,99;0,84;0,91;111
"2314";3;"brute";10;"manhattan";30;3;0,89;0,94;0,92;103
"2315";4;"brute";10;"manhattan";30;4;0,92;0,85;0,89;95
"2316";5;"brute";10;"manhattan";30;5;0,97;0,9;0,93;97
"2317";6;"brute";10;"manhattan";30;6;0,97;0,92;0,95;106
"2321";0;"auto";20;"manhattan";30;0;0,94;0,98;0,96;97
"2325";4;"auto";20;"manhattan";30;4;0,93;0,8;0,86;95
"2326";5;"auto";20;"manhattan";30;5;0,94;0,91;0,92;97
"2327";6;"auto";20;"manhattan";30;6;0,97;0,91;0,94;106
"2331";0;"ball_tree";20;"manhattan";30;0;0,94;0,98;0,96;97
"2334";3;"ball_tree";20;"manhattan";30;3;0,89;0,93;0,91;103
"2335";4;"ball_tree";20;"manhattan";30;4;0,93;0,8;0,86;95
"2336";5;"ball_tree";20;"manhattan";30;5;0,94;0,91;0,92;97
"2337";6;"ball_tree";20;"manhattan";30;6;0,97;0,91;0,94;106
"2341";0;"kd_tree";20;"manhattan";30;0;0,94;0,98;0,96;97
"2345";4;"kd_tree";20;"manhattan";30;4;0,93;0,8;0,86;95
"2346";5;"kd_tree";20;"manhattan";30;5;0,94;0,91;0,92;97
"2347";6;"kd_tree";20;"manhattan";30;6;0,97;0,91;0,94;106
"2351";0;"brute";20;"manhattan";30;0;0,95;0,98;0,96;97
"2355";4;"brute";20;"manhattan";30;4;0,93;0,8;0,86;95
"2356";5;"brute";20;"manhattan";30;5;0,94;0,91;0,92;97
"2357";6;"brute";20;"manhattan";30;6;0,96;0,91;0,93;106
"2361";0;"auto";50;"manhattan";30;0;0,95;0,97;0,96;97
"2367";6;"auto";50;"manhattan";30;6;0,94;0,88;0,91;106
"2371";0;"ball_tree";50;"manhattan";30;0;0,95;0,97;0,96;97
"2377";6;"ball_tree";50;"manhattan";30;6;0,94;0,88;0,91;106
"2381";0;"kd_tree";50;"manhattan";30;0;0,95;0,97;0,96;97
"2387";6;"kd_tree";50;"manhattan";30;6;0,94;0,88;0,91;106
"2391";0;"brute";50;"manhattan";30;0;0,96;0,97;0,96;97
"2397";6;"brute";50;"manhattan";30;6;0,94;0,88;0,91;106
"2601";0;"auto";1;"euclidean";40;0;0,95;0,96;0,95;97
"2602";1;"auto";1;"euclidean";40;1;0,79;0,98;0,88;95
"2603";2;"auto";1;"euclidean";40;2;0,99;0,9;0,94;111
"2604";3;"auto";1;"euclidean";40;3;0,89;0,97;0,93;103
"2605";4;"auto";1;"euclidean";40;4;0,95;0,84;0,89;95
"2606";5;"auto";1;"euclidean";40;5;0,93;0,89;0,91;94
"2607";6;"auto";1;"euclidean";40;6;0,95;0,95;0,95;109
"2608";7;"auto";1;"euclidean";40;7;0,86;0,91;0,88;97
"2610";9;"auto";1;"euclidean";40;9;0,92;0,92;0,92;111
"2611";0;"ball_tree";1;"euclidean";40;0;0,95;0,96;0,95;97
"2612";1;"ball_tree";1;"euclidean";40;1;0,79;0,98;0,88;95
"2613";2;"ball_tree";1;"euclidean";40;2;0,99;0,9;0,94;111
"2614";3;"ball_tree";1;"euclidean";40;3;0,89;0,97;0,93;103
"2615";4;"ball_tree";1;"euclidean";40;4;0,95;0,84;0,89;95
"2616";5;"ball_tree";1;"euclidean";40;5;0,93;0,89;0,91;94
"2617";6;"ball_tree";1;"euclidean";40;6;0,95;0,95;0,95;109
"2618";7;"ball_tree";1;"euclidean";40;7;0,86;0,91;0,88;97
"2620";9;"ball_tree";1;"euclidean";40;9;0,92;0,92;0,92;111
"2621";0;"kd_tree";1;"euclidean";40;0;0,95;0,96;0,95;97
"2622";1;"kd_tree";1;"euclidean";40;1;0,79;0,98;0,88;95
"2623";2;"kd_tree";1;"euclidean";40;2;0,99;0,9;0,94;111
"2624";3;"kd_tree";1;"euclidean";40;3;0,89;0,97;0,93;103
"2625";4;"kd_tree";1;"euclidean";40;4;0,95;0,84;0,89;95
"2626";5;"kd_tree";1;"euclidean";40;5;0,93;0,89;0,91;94
"2627";6;"kd_tree";1;"euclidean";40;6;0,95;0,95;0,95;109
"2628";7;"kd_tree";1;"euclidean";40;7;0,86;0,91;0,88;97
"2630";9;"kd_tree";1;"euclidean";40;9;0,92;0,92;0,92;111
"2631";0;"brute";1;"euclidean";40;0;0,95;0,96;0,95;97
"2632";1;"brute";1;"euclidean";40;1;0,79;0,98;0,88;95
"2633";2;"brute";1;"euclidean";40;2;0,99;0,9;0,94;111
"2634";3;"brute";1;"euclidean";40;3;0,89;0,97;0,93;103
"2635";4;"brute";1;"euclidean";40;4;0,95;0,84;0,89;95
"2636";5;"brute";1;"euclidean";40;5;0,93;0,89;0,91;94
"2637";6;"brute";1;"euclidean";40;6;0,95;0,95;0,95;109
"2638";7;"brute";1;"euclidean";40;7;0,86;0,91;0,88;97
"2640";9;"brute";1;"euclidean";40;9;0,92;0,92;0,92;111
"2641";0;"auto";5;"euclidean";40;0;0,95;0,98;0,96;97
"2643";2;"auto";5;"euclidean";40;2;0,99;0,89;0,94;111
"2644";3;"auto";5;"euclidean";40;3;0,88;0,95;0,92;103
"2645";4;"auto";5;"euclidean";40;4;0,93;0,86;0,9;95
"2646";5;"auto";5;"euclidean";40;5;0,96;0,91;0,93;94
"2647";6;"auto";5;"euclidean";40;6;0,97;0,94;0,96;109
"2648";7;"auto";5;"euclidean";40;7;0,88;0,89;0,88;97
"2650";9;"auto";5;"euclidean";40;9;0,97;0,89;0,93;111
"2651";0;"ball_tree";5;"euclidean";40;0;0,95;0,98;0,96;97
"2653";2;"ball_tree";5;"euclidean";40;2;0,99;0,89;0,94;111
"2654";3;"ball_tree";5;"euclidean";40;3;0,88;0,95;0,92;103
"2655";4;"ball_tree";5;"euclidean";40;4;0,93;0,86;0,9;95
"2656";5;"ball_tree";5;"euclidean";40;5;0,96;0,91;0,93;94
"2657";6;"ball_tree";5;"euclidean";40;6;0,97;0,94;0,96;109
"2658";7;"ball_tree";5;"euclidean";40;7;0,89;0,89;0,89;97
"2660";9;"ball_tree";5;"euclidean";40;9;0,97;0,89;0,93;111
"2661";0;"kd_tree";5;"euclidean";40;0;0,95;0,98;0,96;97
"2663";2;"kd_tree";5;"euclidean";40;2;0,99;0,89;0,94;111
"2664";3;"kd_tree";5;"euclidean";40;3;0,88;0,95;0,92;103
"2665";4;"kd_tree";5;"euclidean";40;4;0,93;0,86;0,9;95
"2666";5;"kd_tree";5;"euclidean";40;5;0,96;0,91;0,93;94
"2667";6;"kd_tree";5;"euclidean";40;6;0,97;0,94;0,96;109
"2668";7;"kd_tree";5;"euclidean";40;7;0,88;0,89;0,88;97
"2670";9;"kd_tree";5;"euclidean";40;9;0,97;0,89;0,93;111
"2671";0;"brute";5;"euclidean";40;0;0,95;0,98;0,96;97
"2673";2;"brute";5;"euclidean";40;2;0,99;0,89;0,94;111
"2674";3;"brute";5;"euclidean";40;3;0,88;0,95;0,92;103
"2675";4;"brute";5;"euclidean";40;4;0,93;0,86;0,9;95
"2676";5;"brute";5;"euclidean";40;5;0,96;0,9;0,93;94
"2677";6;"brute";5;"euclidean";40;6;0,97;0,94;0,96;109
"2678";7;"brute";5;"euclidean";40;7;0,88;0,89;0,88;97
"2680";9;"brute";5;"euclidean";40;9;0,97;0,88;0,92;111
"2681";0;"auto";10;"euclidean";40;0;0,93;0,98;0,95;97
"2683";2;"auto";10;"euclidean";40;2;0,99;0,85;0,91;111
"2684";3;"auto";10;"euclidean";40;3;0,88;0,94;0,91;103
"2685";4;"auto";10;"euclidean";40;4;0,94;0,84;0,89;95
"2686";5;"auto";10;"euclidean";40;5;0,96;0,9;0,93;94
"2687";6;"auto";10;"euclidean";40;6;0,96;0,96;0,96;109
"2691";0;"ball_tree";10;"euclidean";40;0;0,93;0,98;0,95;97
"2693";2;"ball_tree";10;"euclidean";40;2;0,99;0,85;0,91;111
"2694";3;"ball_tree";10;"euclidean";40;3;0,88;0,94;0,91;103
"2695";4;"ball_tree";10;"euclidean";40;4;0,94;0,84;0,89;95
"2696";5;"ball_tree";10;"euclidean";40;5;0,96;0,9;0,93;94
"2697";6;"ball_tree";10;"euclidean";40;6;0,96;0,96;0,96;109
"2701";0;"kd_tree";10;"euclidean";40;0;0,93;0,98;0,95;97
"2703";2;"kd_tree";10;"euclidean";40;2;0,99;0,85;0,91;111
"2704";3;"kd_tree";10;"euclidean";40;3;0,88;0,94;0,91;103
"2705";4;"kd_tree";10;"euclidean";40;4;0,94;0,84;0,89;95
"2706";5;"kd_tree";10;"euclidean";40;5;0,96;0,9;0,93;94
"2707";6;"kd_tree";10;"euclidean";40;6;0,96;0,96;0,96;109
"2711";0;"brute";10;"euclidean";40;0;0,93;0,98;0,95;97
"2713";2;"brute";10;"euclidean";40;2;0,99;0,85;0,91;111
"2714";3;"brute";10;"euclidean";40;3;0,88;0,94;0,91;103
"2715";4;"brute";10;"euclidean";40;4;0,94;0,84;0,89;95
"2716";5;"brute";10;"euclidean";40;5;0,96;0,9;0,93;94
"2717";6;"brute";10;"euclidean";40;6;0,96;0,96;0,96;109
"2721";0;"auto";20;"euclidean";40;0;0,9;0,97;0,94;97
"2724";3;"auto";20;"euclidean";40;3;0,88;0,93;0,91;103
"2725";4;"auto";20;"euclidean";40;4;0,93;0,81;0,87;95
"2726";5;"auto";20;"euclidean";40;5;0,93;0,89;0,91;94
"2727";6;"auto";20;"euclidean";40;6;0,94;0,92;0,93;109
"2731";0;"ball_tree";20;"euclidean";40;0;0,9;0,97;0,94;97
"2734";3;"ball_tree";20;"euclidean";40;3;0,88;0,93;0,91;103
"2735";4;"ball_tree";20;"euclidean";40;4;0,93;0,81;0,87;95
"2736";5;"ball_tree";20;"euclidean";40;5;0,93;0,89;0,91;94
"2737";6;"ball_tree";20;"euclidean";40;6;0,94;0,92;0,93;109
"2741";0;"kd_tree";20;"euclidean";40;0;0,9;0,97;0,94;97
"2744";3;"kd_tree";20;"euclidean";40;3;0,88;0,93;0,91;103
"2745";4;"kd_tree";20;"euclidean";40;4;0,93;0,81;0,87;95
"2746";5;"kd_tree";20;"euclidean";40;5;0,93;0,89;0,91;94
"2747";6;"kd_tree";20;"euclidean";40;6;0,94;0,92;0,93;109
"2751";0;"brute";20;"euclidean";40;0;0,9;0,97;0,94;97
"2754";3;"brute";20;"euclidean";40;3;0,88;0,93;0,91;103
"2755";4;"brute";20;"euclidean";40;4;0,92;0,81;0,86;95
"2756";5;"brute";20;"euclidean";40;5;0,93;0,89;0,91;94
"2757";6;"brute";20;"euclidean";40;6;0,94;0,92;0,93;109
"2761";0;"auto";50;"euclidean";40;0;0,86;0,96;0,91;97
"2767";6;"auto";50;"euclidean";40;6;0,95;0,88;0,91;109
"2771";0;"ball_tree";50;"euclidean";40;0;0,86;0,96;0,91;97
"2777";6;"ball_tree";50;"euclidean";40;6;0,95;0,88;0,91;109
"2781";0;"kd_tree";50;"euclidean";40;0;0,86;0,96;0,91;97
"2787";6;"kd_tree";50;"euclidean";40;6;0,95;0,88;0,91;109
"2791";0;"brute";50;"euclidean";40;0;0,86;0,96;0,91;97
"2797";6;"brute";50;"euclidean";40;6;0,95;0,88;0,91;109
"2801";0;"auto";1;"manhattan";40;0;0,95;0,96;0,95;97
"2802";1;"auto";1;"manhattan";40;1;0,79;0,98;0,88;95
"2803";2;"auto";1;"manhattan";40;2;0,99;0,9;0,94;111
"2804";3;"auto";1;"manhattan";40;3;0,89;0,97;0,93;103
"2805";4;"auto";1;"manhattan";40;4;0,95;0,84;0,89;95
"2806";5;"auto";1;"manhattan";40;5;0,93;0,89;0,91;94
"2807";6;"auto";1;"manhattan";40;6;0,95;0,95;0,95;109
"2808";7;"auto";1;"manhattan";40;7;0,86;0,91;0,88;97
"2810";9;"auto";1;"manhattan";40;9;0,92;0,92;0,92;111
"2811";0;"ball_tree";1;"manhattan";40;0;0,95;0,96;0,95;97
"2812";1;"ball_tree";1;"manhattan";40;1;0,79;0,98;0,88;95
"2813";2;"ball_tree";1;"manhattan";40;2;0,99;0,9;0,94;111
"2814";3;"ball_tree";1;"manhattan";40;3;0,89;0,97;0,93;103
"2815";4;"ball_tree";1;"manhattan";40;4;0,95;0,84;0,89;95
"2816";5;"ball_tree";1;"manhattan";40;5;0,93;0,89;0,91;94
"2817";6;"ball_tree";1;"manhattan";40;6;0,95;0,95;0,95;109
"2818";7;"ball_tree";1;"manhattan";40;7;0,86;0,91;0,88;97
"2820";9;"ball_tree";1;"manhattan";40;9;0,92;0,92;0,92;111
"2821";0;"kd_tree";1;"manhattan";40;0;0,95;0,96;0,95;97
"2822";1;"kd_tree";1;"manhattan";40;1;0,79;0,98;0,88;95
"2823";2;"kd_tree";1;"manhattan";40;2;0,99;0,9;0,94;111
"2824";3;"kd_tree";1;"manhattan";40;3;0,89;0,97;0,93;103
"2825";4;"kd_tree";1;"manhattan";40;4;0,95;0,84;0,89;95
"2826";5;"kd_tree";1;"manhattan";40;5;0,93;0,89;0,91;94
"2827";6;"kd_tree";1;"manhattan";40;6;0,95;0,95;0,95;109
"2828";7;"kd_tree";1;"manhattan";40;7;0,86;0,91;0,88;97
"2830";9;"kd_tree";1;"manhattan";40;9;0,92;0,92;0,92;111
"2831";0;"brute";1;"manhattan";40;0;0,95;0,96;0,95;97
"2832";1;"brute";1;"manhattan";40;1;0,79;0,98;0,88;95
"2833";2;"brute";1;"manhattan";40;2;0,99;0,9;0,94;111
"2834";3;"brute";1;"manhattan";40;3;0,89;0,97;0,93;103
"2835";4;"brute";1;"manhattan";40;4;0,95;0,84;0,89;95
"2836";5;"brute";1;"manhattan";40;5;0,93;0,89;0,91;94
"2837";6;"brute";1;"manhattan";40;6;0,95;0,95;0,95;109
"2838";7;"brute";1;"manhattan";40;7;0,86;0,91;0,88;97
"2840";9;"brute";1;"manhattan";40;9;0,92;0,92;0,92;111
"2841";0;"auto";5;"manhattan";40;0;0,95;0,98;0,96;97
"2843";2;"auto";5;"manhattan";40;2;0,99;0,89;0,94;111
"2844";3;"auto";5;"manhattan";40;3;0,88;0,95;0,92;103
"2845";4;"auto";5;"manhattan";40;4;0,93;0,86;0,9;95
"2846";5;"auto";5;"manhattan";40;5;0,96;0,91;0,93;94
"2847";6;"auto";5;"manhattan";40;6;0,97;0,94;0,96;109
"2848";7;"auto";5;"manhattan";40;7;0,88;0,89;0,88;97
"2850";9;"auto";5;"manhattan";40;9;0,97;0,89;0,93;111
"2851";0;"ball_tree";5;"manhattan";40;0;0,95;0,98;0,96;97
"2853";2;"ball_tree";5;"manhattan";40;2;0,99;0,89;0,94;111
"2854";3;"ball_tree";5;"manhattan";40;3;0,88;0,95;0,92;103
"2855";4;"ball_tree";5;"manhattan";40;4;0,93;0,86;0,9;95
"2856";5;"ball_tree";5;"manhattan";40;5;0,96;0,91;0,93;94
"2857";6;"ball_tree";5;"manhattan";40;6;0,97;0,94;0,96;109
"2858";7;"ball_tree";5;"manhattan";40;7;0,89;0,89;0,89;97
"2860";9;"ball_tree";5;"manhattan";40;9;0,97;0,89;0,93;111
"2861";0;"kd_tree";5;"manhattan";40;0;0,95;0,98;0,96;97
"2863";2;"kd_tree";5;"manhattan";40;2;0,99;0,89;0,94;111
"2864";3;"kd_tree";5;"manhattan";40;3;0,88;0,95;0,92;103
"2865";4;"kd_tree";5;"manhattan";40;4;0,93;0,86;0,9;95
"2866";5;"kd_tree";5;"manhattan";40;5;0,96;0,91;0,93;94
"2867";6;"kd_tree";5;"manhattan";40;6;0,97;0,94;0,96;109
"2868";7;"kd_tree";5;"manhattan";40;7;0,88;0,89;0,88;97
"2870";9;"kd_tree";5;"manhattan";40;9;0,97;0,89;0,93;111
"2871";0;"brute";5;"manhattan";40;0;0,95;0,98;0,96;97
"2873";2;"brute";5;"manhattan";40;2;0,99;0,89;0,94;111
"2874";3;"brute";5;"manhattan";40;3;0,88;0,95;0,92;103
"2875";4;"brute";5;"manhattan";40;4;0,93;0,86;0,9;95
"2876";5;"brute";5;"manhattan";40;5;0,96;0,9;0,93;94
"2877";6;"brute";5;"manhattan";40;6;0,97;0,94;0,96;109
"2878";7;"brute";5;"manhattan";40;7;0,88;0,89;0,88;97
"2880";9;"brute";5;"manhattan";40;9;0,97;0,88;0,92;111
"2881";0;"auto";10;"manhattan";40;0;0,93;0,98;0,95;97
"2883";2;"auto";10;"manhattan";40;2;0,99;0,85;0,91;111
"2884";3;"auto";10;"manhattan";40;3;0,88;0,94;0,91;103
"2885";4;"auto";10;"manhattan";40;4;0,94;0,84;0,89;95
"2886";5;"auto";10;"manhattan";40;5;0,96;0,9;0,93;94
"2887";6;"auto";10;"manhattan";40;6;0,96;0,96;0,96;109
"2891";0;"ball_tree";10;"manhattan";40;0;0,93;0,98;0,95;97
"2893";2;"ball_tree";10;"manhattan";40;2;0,99;0,85;0,91;111
"2894";3;"ball_tree";10;"manhattan";40;3;0,88;0,94;0,91;103
"2895";4;"ball_tree";10;"manhattan";40;4;0,94;0,84;0,89;95
"2896";5;"ball_tree";10;"manhattan";40;5;0,96;0,9;0,93;94
"2897";6;"ball_tree";10;"manhattan";40;6;0,96;0,96;0,96;109
"2901";0;"kd_tree";10;"manhattan";40;0;0,93;0,98;0,95;97
"2903";2;"kd_tree";10;"manhattan";40;2;0,99;0,85;0,91;111
"2904";3;"kd_tree";10;"manhattan";40;3;0,88;0,94;0,91;103
"2905";4;"kd_tree";10;"manhattan";40;4;0,94;0,84;0,89;95
"2906";5;"kd_tree";10;"manhattan";40;5;0,96;0,9;0,93;94
"2907";6;"kd_tree";10;"manhattan";40;6;0,96;0,96;0,96;109
"2911";0;"brute";10;"manhattan";40;0;0,93;0,98;0,95;97
"2913";2;"brute";10;"manhattan";40;2;0,99;0,85;0,91;111
"2914";3;"brute";10;"manhattan";40;3;0,88;0,94;0,91;103
"2915";4;"brute";10;"manhattan";40;4;0,94;0,84;0,89;95
"2916";5;"brute";10;"manhattan";40;5;0,96;0,9;0,93;94
"2917";6;"brute";10;"manhattan";40;6;0,96;0,96;0,96;109
"2921";0;"auto";20;"manhattan";40;0;0,9;0,97;0,94;97
"2924";3;"auto";20;"manhattan";40;3;0,88;0,93;0,91;103
"2925";4;"auto";20;"manhattan";40;4;0,93;0,81;0,87;95
"2926";5;"auto";20;"manhattan";40;5;0,93;0,89;0,91;94
"2927";6;"auto";20;"manhattan";40;6;0,94;0,92;0,93;109
"2931";0;"ball_tree";20;"manhattan";40;0;0,9;0,97;0,94;97
"2934";3;"ball_tree";20;"manhattan";40;3;0,88;0,93;0,91;103
"2935";4;"ball_tree";20;"manhattan";40;4;0,93;0,81;0,87;95
"2936";5;"ball_tree";20;"manhattan";40;5;0,93;0,89;0,91;94
"2937";6;"ball_tree";20;"manhattan";40;6;0,94;0,92;0,93;109
"2941";0;"kd_tree";20;"manhattan";40;0;0,9;0,97;0,94;97
"2944";3;"kd_tree";20;"manhattan";40;3;0,88;0,93;0,91;103
"2945";4;"kd_tree";20;"manhattan";40;4;0,93;0,81;0,87;95
"2946";5;"kd_tree";20;"manhattan";40;5;0,93;0,89;0,91;94
"2947";6;"kd_tree";20;"manhattan";40;6;0,94;0,92;0,93;109
"2951";0;"brute";20;"manhattan";40;0;0,9;0,97;0,94;97
"2954";3;"brute";20;"manhattan";40;3;0,88;0,93;0,91;103
"2955";4;"brute";20;"manhattan";40;4;0,92;0,81;0,86;95
"2956";5;"brute";20;"manhattan";40;5;0,93;0,89;0,91;94
"2957";6;"brute";20;"manhattan";40;6;0,94;0,92;0,93;109
"2961";0;"auto";50;"manhattan";40;0;0,86;0,96;0,91;97
"2967";6;"auto";50;"manhattan";40;6;0,95;0,88;0,91;109
"2971";0;"ball_tree";50;"manhattan";40;0;0,86;0,96;0,91;97
"2977";6;"ball_tree";50;"manhattan";40;6;0,95;0,88;0,91;109
"2981";0;"kd_tree";50;"manhattan";40;0;0,86;0,96;0,91;97
"2987";6;"kd_tree";50;"manhattan";40;6;0,95;0,88;0,91;109
"2991";0;"brute";50;"manhattan";40;0;0,86;0,96;0,91;97
"2997";6;"brute";50;"manhattan";40;6;0,95;0,88;0,91;109
